﻿Domain Code,Domain,Area Code (FAO),Area,Element Code,Element,Item Code,Item,Year Code,Year,Unit,Value,Flag,Flag Description,Note
"OA","Annual population","2","Afghanistan","511","Total Population - Both sexes","3010","Population - Est. & Proj.","2008","2008","1000 persons","27722.276","X","International reliable sources",""
"OA","Annual population","3","Albania","511","Total Population - Both sexes","3010","Population - Est. & Proj.","2008","2008","1000 persons","3002.678","X","International reliable sources",""
"OA","Annual population","4","Algeria","511","Total Population - Both sexes","3010","Population - Est. & Proj.","2008","2008","1000 persons","34730.608","X","International reliable sources",""
"OA","Annual population","5","American Samoa","511","Total Population - Both sexes","3010","Population - Est. & Proj.","2008","2008","1000 persons","57.492","X","International reliable sources",""
"OA","Annual population","6","Andorra","511","Total Population - Both sexes","3010","Population - Est. & Proj.","2008","2008","1000 persons","83.862","X","International reliable sources",""
"OA","Annual population","7","Angola","511","Total Population - Both sexes","3010","Population - Est. & Proj.","2008","2008","1000 persons","21695.634","X","International reliable sources",""
"OA","Annual population","258","Anguilla","511","Total Population - Both sexes","3010","Population - Est. & Proj.","2008","2008","1000 persons","13.063","X","International reliable sources",""
"OA","Annual population","8","Antigua and Barbuda","511","Total Population - Both sexes","3010","Population - Est. & Proj.","2008","2008","1000 persons","85.397","X","International reliable sources",""
"OA","Annual population","9","Argentina","511","Total Population - Both sexes","3010","Population - Est. & Proj.","2008","2008","1000 persons","40080.16","X","International reliable sources",""
"OA","Annual population","1","Armenia","511","Total Population - Both sexes","3010","Population - Est. & Proj.","2008","2008","1000 persons","2907.618","X","International reliable sources",""
"OA","Annual population","22","Aruba","511","Total Population - Both sexes","3010","Population - Est. & Proj.","2008","2008","1000 persons","101.358","X","International reliable sources",""
"OA","Annual population","10","Australia","511","Total Population - Both sexes","3010","Population - Est. & Proj.","2008","2008","1000 persons","21332.282","X","International reliable sources",""
"OA","Annual population","11","Austria","511","Total Population - Both sexes","3010","Population - Est. & Proj.","2008","2008","1000 persons","8341.532","X","International reliable sources",""
"OA","Annual population","52","Azerbaijan","511","Total Population - Both sexes","3010","Population - Est. & Proj.","2008","2008","1000 persons","8821.873","X","International reliable sources",""
"OA","Annual population","12","Bahamas","511","Total Population - Both sexes","3010","Population - Est. & Proj.","2008","2008","1000 persons","343.681","X","International reliable sources",""
"OA","Annual population","13","Bahrain","511","Total Population - Both sexes","3010","Population - Est. & Proj.","2008","2008","1000 persons","1114.641","X","International reliable sources",""
"OA","Annual population","16","Bangladesh","511","Total Population - Both sexes","3010","Population - Est. & Proj.","2008","2008","1000 persons","144304.167","X","International reliable sources",""
"OA","Annual population","14","Barbados","511","Total Population - Both sexes","3010","Population - Est. & Proj.","2008","2008","1000 persons","279.946","X","International reliable sources",""
"OA","Annual population","57","Belarus","511","Total Population - Both sexes","3010","Population - Est. & Proj.","2008","2008","1000 persons","9452.855","X","International reliable sources",""
"OA","Annual population","255","Belgium","511","Total Population - Both sexes","3010","Population - Est. & Proj.","2008","2008","1000 persons","10778.758","X","International reliable sources",""
"OA","Annual population","23","Belize","511","Total Population - Both sexes","3010","Population - Est. & Proj.","2008","2008","1000 persons","306.823","X","International reliable sources",""
"OA","Annual population","53","Benin","511","Total Population - Both sexes","3010","Population - Est. & Proj.","2008","2008","1000 persons","8696.921","X","International reliable sources",""
"OA","Annual population","17","Bermuda","511","Total Population - Both sexes","3010","Population - Est. & Proj.","2008","2008","1000 persons","65.931","X","International reliable sources",""
"OA","Annual population","18","Bhutan","511","Total Population - Both sexes","3010","Population - Est. & Proj.","2008","2008","1000 persons","671.613","X","International reliable sources",""
"OA","Annual population","19","Bolivia (Plurinational State of)","511","Total Population - Both sexes","3010","Population - Est. & Proj.","2008","2008","1000 persons","9721.454","X","International reliable sources",""
"OA","Annual population","80","Bosnia and Herzegovina","511","Total Population - Both sexes","3010","Population - Est. & Proj.","2008","2008","1000 persons","3754.271","X","International reliable sources",""
"OA","Annual population","20","Botswana","511","Total Population - Both sexes","3010","Population - Est. & Proj.","2008","2008","1000 persons","1915.639","X","International reliable sources",""
"OA","Annual population","21","Brazil","511","Total Population - Both sexes","3010","Population - Est. & Proj.","2008","2008","1000 persons","192030.362","X","International reliable sources",""
"OA","Annual population","239","British Virgin Islands","511","Total Population - Both sexes","3010","Population - Est. & Proj.","2008","2008","1000 persons","26.097","X","International reliable sources",""
"OA","Annual population","26","Brunei Darussalam","511","Total Population - Both sexes","3010","Population - Est. & Proj.","2008","2008","1000 persons","379.421","X","International reliable sources",""
"OA","Annual population","27","Bulgaria","511","Total Population - Both sexes","3010","Population - Est. & Proj.","2008","2008","1000 persons","7524.087","X","International reliable sources",""
"OA","Annual population","233","Burkina Faso","511","Total Population - Both sexes","3010","Population - Est. & Proj.","2008","2008","1000 persons","14689.725","X","International reliable sources",""
"OA","Annual population","29","Burundi","511","Total Population - Both sexes","3010","Population - Est. & Proj.","2008","2008","1000 persons","8126.102","X","International reliable sources",""
"OA","Annual population","35","Cabo Verde","511","Total Population - Both sexes","3010","Population - Est. & Proj.","2008","2008","1000 persons","480.842","X","International reliable sources",""
"OA","Annual population","115","Cambodia","511","Total Population - Both sexes","3010","Population - Est. & Proj.","2008","2008","1000 persons","13883.834","X","International reliable sources",""
"OA","Annual population","32","Cameroon","511","Total Population - Both sexes","3010","Population - Est. & Proj.","2008","2008","1000 persons","19252.666","X","International reliable sources",""
"OA","Annual population","33","Canada","511","Total Population - Both sexes","3010","Population - Est. & Proj.","2008","2008","1000 persons","33337.638","X","International reliable sources",""
"OA","Annual population","36","Cayman Islands","511","Total Population - Both sexes","3010","Population - Est. & Proj.","2008","2008","1000 persons","53.836","X","International reliable sources",""
"OA","Annual population","37","Central African Republic","511","Total Population - Both sexes","3010","Population - Est. & Proj.","2008","2008","1000 persons","4273.366","X","International reliable sources",""
"OA","Annual population","39","Chad","511","Total Population - Both sexes","3010","Population - Est. & Proj.","2008","2008","1000 persons","11183.588","X","International reliable sources",""
"OA","Annual population","259","Channel Islands","511","Total Population - Both sexes","3010","Population - Est. & Proj.","2008","2008","1000 persons","156.433","X","International reliable sources",""
"OA","Annual population","40","Chile","511","Total Population - Both sexes","3010","Population - Est. & Proj.","2008","2008","1000 persons","16708.258","X","International reliable sources",""
"OA","Annual population","351","China","511","Total Population - Both sexes","3010","Population - Est. & Proj.","2008","2008","1000 persons","1383985.631","A","Aggregate, may include official, semi-official, estimated or calculated data",""
"OA","Annual population","96","China, Hong Kong SAR","511","Total Population - Both sexes","3010","Population - Est. & Proj.","2008","2008","1000 persons","6881.863","X","International reliable sources",""
"OA","Annual population","128","China, Macao SAR","511","Total Population - Both sexes","3010","Population - Est. & Proj.","2008","2008","1000 persons","515.239","X","International reliable sources",""
"OA","Annual population","41","China, mainland","511","Total Population - Both sexes","3010","Population - Est. & Proj.","2008","2008","1000 persons","1353569.484","X","International reliable sources",""
"OA","Annual population","214","China, Taiwan Province of","511","Total Population - Both sexes","3010","Population - Est. & Proj.","2008","2008","1000 persons","23019.045","X","International reliable sources",""
"OA","Annual population","44","Colombia","511","Total Population - Both sexes","3010","Population - Est. & Proj.","2008","2008","1000 persons","44254.975","X","International reliable sources",""
"OA","Annual population","45","Comoros","511","Total Population - Both sexes","3010","Population - Est. & Proj.","2008","2008","1000 persons","657.229","X","International reliable sources","UNDESA, Population Division ? World Population Prospects, the 2017 Revision"
"OA","Annual population","46","Congo","511","Total Population - Both sexes","3010","Population - Est. & Proj.","2008","2008","1000 persons","4011.486","X","International reliable sources",""
"OA","Annual population","47","Cook Islands","511","Total Population - Both sexes","3010","Population - Est. & Proj.","2008","2008","1000 persons","18.818","X","International reliable sources",""
"OA","Annual population","48","Costa Rica","511","Total Population - Both sexes","3010","Population - Est. & Proj.","2008","2008","1000 persons","4463.125","X","International reliable sources",""
"OA","Annual population","107","C?te d'Ivoire","511","Total Population - Both sexes","3010","Population - Est. & Proj.","2008","2008","1000 persons","19605.569","X","International reliable sources",""
"OA","Annual population","98","Croatia","511","Total Population - Both sexes","3010","Population - Est. & Proj.","2008","2008","1000 persons","4352.636","X","International reliable sources",""
"OA","Annual population","49","Cuba","511","Total Population - Both sexes","3010","Population - Est. & Proj.","2008","2008","1000 persons","11236.971","X","International reliable sources",""
"OA","Annual population","50","Cyprus","511","Total Population - Both sexes","3010","Population - Est. & Proj.","2008","2008","1000 persons","1081.563","X","International reliable sources","UNDESA, Population Division ? World Population Prospects, the 2017 Revision"
"OA","Annual population","167","Czechia","511","Total Population - Both sexes","3010","Population - Est. & Proj.","2008","2008","1000 persons","10425.266","X","International reliable sources",""
"OA","Annual population","116","Democratic People's Republic of Korea","511","Total Population - Both sexes","3010","Population - Est. & Proj.","2008","2008","1000 persons","24310.142","X","International reliable sources",""
"OA","Annual population","250","Democratic Republic of the Congo","511","Total Population - Both sexes","3010","Population - Est. & Proj.","2008","2008","1000 persons","60411.195","X","International reliable sources",""
"OA","Annual population","54","Denmark","511","Total Population - Both sexes","3010","Population - Est. & Proj.","2008","2008","1000 persons","5497.729","X","International reliable sources",""
"OA","Annual population","72","Djibouti","511","Total Population - Both sexes","3010","Population - Est. & Proj.","2008","2008","1000 persons","816.358","X","International reliable sources",""
"OA","Annual population","55","Dominica","511","Total Population - Both sexes","3010","Population - Est. & Proj.","2008","2008","1000 persons","70.827","X","International reliable sources",""
"OA","Annual population","56","Dominican Republic","511","Total Population - Both sexes","3010","Population - Est. & Proj.","2008","2008","1000 persons","9458.075","X","International reliable sources",""
"OA","Annual population","58","Ecuador","511","Total Population - Both sexes","3010","Population - Est. & Proj.","2008","2008","1000 persons","14535.739","X","International reliable sources",""
"OA","Annual population","59","Egypt","511","Total Population - Both sexes","3010","Population - Est. & Proj.","2008","2008","1000 persons","79636.079","X","International reliable sources",""
"OA","Annual population","60","El Salvador","511","Total Population - Both sexes","3010","Population - Est. & Proj.","2008","2008","1000 persons","6131.764","X","International reliable sources",""
"OA","Annual population","61","Equatorial Guinea","511","Total Population - Both sexes","3010","Population - Est. & Proj.","2008","2008","1000 persons","860.84","X","International reliable sources",""
"OA","Annual population","178","Eritrea","511","Total Population - Both sexes","3010","Population - Est. & Proj.","2008","2008","1000 persons","3062.779","X","International reliable sources",""
"OA","Annual population","63","Estonia","511","Total Population - Both sexes","3010","Population - Est. & Proj.","2008","2008","1000 persons","1340.073","X","International reliable sources",""
"OA","Annual population","209","Eswatini","511","Total Population - Both sexes","3010","Population - Est. & Proj.","2008","2008","1000 persons","1049.945","X","International reliable sources",""
"OA","Annual population","238","Ethiopia","511","Total Population - Both sexes","3010","Population - Est. & Proj.","2008","2008","1000 persons","82916.235","X","International reliable sources",""
"OA","Annual population","65","Falkland Islands (Malvinas)","511","Total Population - Both sexes","3010","Population - Est. & Proj.","2008","2008","1000 persons","2.932","X","International reliable sources",""
"OA","Annual population","64","Faroe Islands","511","Total Population - Both sexes","3010","Population - Est. & Proj.","2008","2008","1000 persons","47.82","X","International reliable sources",""
"OA","Annual population","66","Fiji","511","Total Population - Both sexes","3010","Population - Est. & Proj.","2008","2008","1000 persons","845.361","X","International reliable sources",""
"OA","Annual population","67","Finland","511","Total Population - Both sexes","3010","Population - Est. & Proj.","2008","2008","1000 persons","5319.449","X","International reliable sources",""
"OA","Annual population","68","France","511","Total Population - Both sexes","3010","Population - Est. & Proj.","2008","2008","1000 persons","62209.207","X","International reliable sources",""
"OA","Annual population","69","French Guyana","511","Total Population - Both sexes","3010","Population - Est. & Proj.","2008","2008","1000 persons","221.996","X","International reliable sources",""
"OA","Annual population","70","French Polynesia","511","Total Population - Both sexes","3010","Population - Est. & Proj.","2008","2008","1000 persons","264.061","X","International reliable sources",""
"OA","Annual population","74","Gabon","511","Total Population - Both sexes","3010","Population - Est. & Proj.","2008","2008","1000 persons","1518.54","X","International reliable sources",""
"OA","Annual population","75","Gambia","511","Total Population - Both sexes","3010","Population - Est. & Proj.","2008","2008","1000 persons","1689.285","X","International reliable sources",""
"OA","Annual population","73","Georgia","511","Total Population - Both sexes","3010","Population - Est. & Proj.","2008","2008","1000 persons","4142.655","X","International reliable sources",""
"OA","Annual population","79","Germany","511","Total Population - Both sexes","3010","Population - Est. & Proj.","2008","2008","1000 persons","81065.752","X","International reliable sources",""
"OA","Annual population","81","Ghana","511","Total Population - Both sexes","3010","Population - Est. & Proj.","2008","2008","1000 persons","23563.825","X","International reliable sources",""
"OA","Annual population","82","Gibraltar","511","Total Population - Both sexes","3010","Population - Est. & Proj.","2008","2008","1000 persons","33.559","X","International reliable sources",""
"OA","Annual population","84","Greece","511","Total Population - Both sexes","3010","Population - Est. & Proj.","2008","2008","1000 persons","11040.309","X","International reliable sources",""
"OA","Annual population","85","Greenland","511","Total Population - Both sexes","3010","Population - Est. & Proj.","2008","2008","1000 persons","56.841","X","International reliable sources","UNDESA, Population Division ? World Population Prospects, the 2017 Revision"
"OA","Annual population","86","Grenada","511","Total Population - Both sexes","3010","Population - Est. & Proj.","2008","2008","1000 persons","105.456","X","International reliable sources",""
"OA","Annual population","87","Guadeloupe","511","Total Population - Both sexes","3010","Population - Est. & Proj.","2008","2008","1000 persons","403.965","X","International reliable sources",""
"OA","Annual population","88","Guam","511","Total Population - Both sexes","3010","Population - Est. & Proj.","2008","2008","1000 persons","159.036","X","International reliable sources",""
"OA","Annual population","89","Guatemala","511","Total Population - Both sexes","3010","Population - Est. & Proj.","2008","2008","1000 persons","14006.428","X","International reliable sources",""
"OA","Annual population","90","Guinea","511","Total Population - Both sexes","3010","Population - Est. & Proj.","2008","2008","1000 persons","9738.792","X","International reliable sources",""
"OA","Annual population","175","Guinea-Bissau","511","Total Population - Both sexes","3010","Population - Est. & Proj.","2008","2008","1000 persons","1446.936","X","International reliable sources",""
"OA","Annual population","91","Guyana","511","Total Population - Both sexes","3010","Population - Est. & Proj.","2008","2008","1000 persons","746.817","X","International reliable sources",""
"OA","Annual population","93","Haiti","511","Total Population - Both sexes","3010","Population - Est. & Proj.","2008","2008","1000 persons","9646.58","X","International reliable sources",""
"OA","Annual population","94","Holy See","511","Total Population - Both sexes","3010","Population - Est. & Proj.","2008","2008","1000 persons","0.794","X","International reliable sources","UNDESA, Population Division ? World Population Prospects, the 2017 Revision"
"OA","Annual population","95","Honduras","511","Total Population - Both sexes","3010","Population - Est. & Proj.","2008","2008","1000 persons","7980.955","X","International reliable sources",""
"OA","Annual population","97","Hungary","511","Total Population - Both sexes","3010","Population - Est. & Proj.","2008","2008","1000 persons","9991.867","X","International reliable sources",""
"OA","Annual population","99","Iceland","511","Total Population - Both sexes","3010","Population - Est. & Proj.","2008","2008","1000 persons","310.856","X","International reliable sources",""
"OA","Annual population","100","India","511","Total Population - Both sexes","3010","Population - Est. & Proj.","2008","2008","1000 persons","1200669.765","X","International reliable sources",""
"OA","Annual population","101","Indonesia","511","Total Population - Both sexes","3010","Population - Est. & Proj.","2008","2008","1000 persons","235469.762","X","International reliable sources",""
"OA","Annual population","102","Iran (Islamic Republic of)","511","Total Population - Both sexes","3010","Population - Est. & Proj.","2008","2008","1000 persons","72120.604","X","International reliable sources",""
"OA","Annual population","103","Iraq","511","Total Population - Both sexes","3010","Population - Est. & Proj.","2008","2008","1000 persons","28385.746","X","International reliable sources",""
"OA","Annual population","104","Ireland","511","Total Population - Both sexes","3010","Population - Est. & Proj.","2008","2008","1000 persons","4415.872","X","International reliable sources",""
"OA","Annual population","264","Isle of Man","511","Total Population - Both sexes","3010","Population - Est. & Proj.","2008","2008","1000 persons","83.508","X","International reliable sources",""
"OA","Annual population","105","Israel","511","Total Population - Both sexes","3010","Population - Est. & Proj.","2008","2008","1000 persons","7020.836","X","International reliable sources",""
"OA","Annual population","106","Italy","511","Total Population - Both sexes","3010","Population - Est. & Proj.","2008","2008","1000 persons","58922.109","X","International reliable sources",""
"OA","Annual population","109","Jamaica","511","Total Population - Both sexes","3010","Population - Est. & Proj.","2008","2008","1000 persons","2781.876","X","International reliable sources",""
"OA","Annual population","110","Japan","511","Total Population - Both sexes","3010","Population - Est. & Proj.","2008","2008","1000 persons","128538.646","X","International reliable sources",""
"OA","Annual population","112","Jordan","511","Total Population - Both sexes","3010","Population - Est. & Proj.","2008","2008","1000 persons","6556.478","X","International reliable sources",""
"OA","Annual population","108","Kazakhstan","511","Total Population - Both sexes","3010","Population - Est. & Proj.","2008","2008","1000 persons","15862.123","X","International reliable sources",""
"OA","Annual population","114","Kenya","511","Total Population - Both sexes","3010","Population - Est. & Proj.","2008","2008","1000 persons","39791.981","X","International reliable sources",""
"OA","Annual population","83","Kiribati","511","Total Population - Both sexes","3010","Population - Est. & Proj.","2008","2008","1000 persons","98.761","X","International reliable sources",""
"OA","Annual population","118","Kuwait","511","Total Population - Both sexes","3010","Population - Est. & Proj.","2008","2008","1000 persons","2656.009","X","International reliable sources",""
"OA","Annual population","113","Kyrgyzstan","511","Total Population - Both sexes","3010","Population - Est. & Proj.","2008","2008","1000 persons","5254.979","X","International reliable sources",""
"OA","Annual population","120","Lao People's Democratic Republic","511","Total Population - Both sexes","3010","Population - Est. & Proj.","2008","2008","1000 persons","6046.62","X","International reliable sources",""
"OA","Annual population","119","Latvia","511","Total Population - Both sexes","3010","Population - Est. & Proj.","2008","2008","1000 persons","2171.259","X","International reliable sources",""
"OA","Annual population","121","Lebanon","511","Total Population - Both sexes","3010","Population - Est. & Proj.","2008","2008","1000 persons","4764.741","X","International reliable sources",""
"OA","Annual population","122","Lesotho","511","Total Population - Both sexes","3010","Population - Est. & Proj.","2008","2008","1000 persons","1987.129","X","International reliable sources",""
"OA","Annual population","123","Liberia","511","Total Population - Both sexes","3010","Population - Est. & Proj.","2008","2008","1000 persons","3607.86","X","International reliable sources",""
"OA","Annual population","124","Libya","511","Total Population - Both sexes","3010","Population - Est. & Proj.","2008","2008","1000 persons","6058.748","X","International reliable sources",""
"OA","Annual population","125","Liechtenstein","511","Total Population - Both sexes","3010","Population - Est. & Proj.","2008","2008","1000 persons","35.471","X","International reliable sources",""
"OA","Annual population","126","Lithuania","511","Total Population - Both sexes","3010","Population - Est. & Proj.","2008","2008","1000 persons","3212.865","X","International reliable sources",""
"OA","Annual population","256","Luxembourg","511","Total Population - Both sexes","3010","Population - Est. & Proj.","2008","2008","1000 persons","485.405","X","International reliable sources",""
"OA","Annual population","129","Madagascar","511","Total Population - Both sexes","3010","Population - Est. & Proj.","2008","2008","1000 persons","19996.473","X","International reliable sources",""
"OA","Annual population","130","Malawi","511","Total Population - Both sexes","3010","Population - Est. & Proj.","2008","2008","1000 persons","13727.89","X","International reliable sources",""
"OA","Annual population","131","Malaysia","511","Total Population - Both sexes","3010","Population - Est. & Proj.","2008","2008","1000 persons","27236.006","X","International reliable sources",""
"OA","Annual population","132","Maldives","511","Total Population - Both sexes","3010","Population - Est. & Proj.","2008","2008","1000 persons","343.452","X","International reliable sources",""
"OA","Annual population","133","Mali","511","Total Population - Both sexes","3010","Population - Est. & Proj.","2008","2008","1000 persons","14113.577","X","International reliable sources",""
"OA","Annual population","134","Malta","511","Total Population - Both sexes","3010","Population - Est. & Proj.","2008","2008","1000 persons","409.491","X","International reliable sources",""
"OA","Annual population","127","Marshall Islands","511","Total Population - Both sexes","3010","Population - Est. & Proj.","2008","2008","1000 persons","56.174","X","International reliable sources",""
"OA","Annual population","135","Martinique","511","Total Population - Both sexes","3010","Population - Est. & Proj.","2008","2008","1000 persons","397.668","X","International reliable sources",""
"OA","Annual population","136","Mauritania","511","Total Population - Both sexes","3010","Population - Est. & Proj.","2008","2008","1000 persons","3296.238","X","International reliable sources",""
"OA","Annual population","137","Mauritius","511","Total Population - Both sexes","3010","Population - Est. & Proj.","2008","2008","1000 persons","1239.262","X","International reliable sources",""
"OA","Annual population","270","Mayotte","511","Total Population - Both sexes","3010","Population - Est. & Proj.","2008","2008","1000 persons","196.274","X","International reliable sources",""
"OA","Annual population","138","Mexico","511","Total Population - Both sexes","3010","Population - Est. & Proj.","2008","2008","1000 persons","110815.271","X","International reliable sources",""
"OA","Annual population","145","Micronesia (Federated States of)","511","Total Population - Both sexes","3010","Population - Est. & Proj.","2008","2008","1000 persons","103.543","X","International reliable sources",""
"OA","Annual population","140","Monaco","511","Total Population - Both sexes","3010","Population - Est. & Proj.","2008","2008","1000 persons","34.872","X","International reliable sources",""
"OA","Annual population","141","Mongolia","511","Total Population - Both sexes","3010","Population - Est. & Proj.","2008","2008","1000 persons","2631.898","X","International reliable sources",""
"OA","Annual population","273","Montenegro","511","Total Population - Both sexes","3010","Population - Est. & Proj.","2008","2008","1000 persons","621.32","X","International reliable sources",""
"OA","Annual population","142","Montserrat","511","Total Population - Both sexes","3010","Population - Est. & Proj.","2008","2008","1000 persons","4.901","X","International reliable sources",""
"OA","Annual population","143","Morocco","511","Total Population - Both sexes","3010","Population - Est. & Proj.","2008","2008","1000 persons","31536.811","X","International reliable sources",""
"OA","Annual population","144","Mozambique","511","Total Population - Both sexes","3010","Population - Est. & Proj.","2008","2008","1000 persons","22276.596","X","International reliable sources",""
"OA","Annual population","28","Myanmar","511","Total Population - Both sexes","3010","Population - Est. & Proj.","2008","2008","1000 persons","49929.642","X","International reliable sources",""
"OA","Annual population","147","Namibia","511","Total Population - Both sexes","3010","Population - Est. & Proj.","2008","2008","1000 persons","2043.394","X","International reliable sources",""
"OA","Annual population","148","Nauru","511","Total Population - Both sexes","3010","Population - Est. & Proj.","2008","2008","1000 persons","9.891","X","International reliable sources",""
"OA","Annual population","149","Nepal","511","Total Population - Both sexes","3010","Population - Est. & Proj.","2008","2008","1000 persons","26666.576","X","International reliable sources",""
"OA","Annual population","150","Netherlands","511","Total Population - Both sexes","3010","Population - Est. & Proj.","2008","2008","1000 persons","16568.104","X","International reliable sources",""
"OA","Annual population","151","Netherlands Antilles (former)","511","Total Population - Both sexes","3010","Population - Est. & Proj.","2008","2008","1000 persons","238.47","A","Aggregate, may include official, semi-official, estimated or calculated data",""
"OA","Annual population","153","New Caledonia","511","Total Population - Both sexes","3010","Population - Est. & Proj.","2008","2008","1000 persons","246.695","X","International reliable sources",""
"OA","Annual population","156","New Zealand","511","Total Population - Both sexes","3010","Population - Est. & Proj.","2008","2008","1000 persons","4278.155","X","International reliable sources",""
"OA","Annual population","157","Nicaragua","511","Total Population - Both sexes","3010","Population - Est. & Proj.","2008","2008","1000 persons","5667.432","X","International reliable sources",""
"OA","Annual population","158","Niger","511","Total Population - Both sexes","3010","Population - Est. & Proj.","2008","2008","1000 persons","15250.908","X","International reliable sources",""
"OA","Annual population","159","Nigeria","511","Total Population - Both sexes","3010","Population - Est. & Proj.","2008","2008","1000 persons","150269.623","X","International reliable sources",""
"OA","Annual population","160","Niue","511","Total Population - Both sexes","3010","Population - Est. & Proj.","2008","2008","1000 persons","1.635","X","International reliable sources",""
"OA","Annual population","154","North Macedonia","511","Total Population - Both sexes","3010","Population - Est. & Proj.","2008","2008","1000 persons","2067.313","X","International reliable sources",""
"OA","Annual population","163","Northern Mariana Islands","511","Total Population - Both sexes","3010","Population - Est. & Proj.","2008","2008","1000 persons","54.625","X","International reliable sources",""
"OA","Annual population","162","Norway","511","Total Population - Both sexes","3010","Population - Est. & Proj.","2008","2008","1000 persons","4771.019","X","International reliable sources",""
"OA","Annual population","221","Oman","511","Total Population - Both sexes","3010","Population - Est. & Proj.","2008","2008","1000 persons","2750.963","X","International reliable sources",""
"OA","Annual population","165","Pakistan","511","Total Population - Both sexes","3010","Population - Est. & Proj.","2008","2008","1000 persons","171648.986","X","International reliable sources",""
"OA","Annual population","180","Palau","511","Total Population - Both sexes","3010","Population - Est. & Proj.","2008","2008","1000 persons","18.704","X","International reliable sources",""
"OA","Annual population","299","Palestine","511","Total Population - Both sexes","3010","Population - Est. & Proj.","2008","2008","1000 persons","3856.679","X","International reliable sources",""
"OA","Annual population","166","Panama","511","Total Population - Both sexes","3010","Population - Est. & Proj.","2008","2008","1000 persons","3516.204","X","International reliable sources",""
"OA","Annual population","168","Papua New Guinea","511","Total Population - Both sexes","3010","Population - Est. & Proj.","2008","2008","1000 persons","6976.201","X","International reliable sources",""
"OA","Annual population","169","Paraguay","511","Total Population - Both sexes","3010","Population - Est. & Proj.","2008","2008","1000 persons","6081.296","X","International reliable sources",""
"OA","Annual population","170","Peru","511","Total Population - Both sexes","3010","Population - Est. & Proj.","2008","2008","1000 persons","28562.317","X","International reliable sources",""
"OA","Annual population","171","Philippines","511","Total Population - Both sexes","3010","Population - Est. & Proj.","2008","2008","1000 persons","90901.965","X","International reliable sources",""
"OA","Annual population","173","Poland","511","Total Population - Both sexes","3010","Population - Est. & Proj.","2008","2008","1000 persons","38356.786","X","International reliable sources",""
"OA","Annual population","174","Portugal","511","Total Population - Both sexes","3010","Population - Est. & Proj.","2008","2008","1000 persons","10595.314","X","International reliable sources",""
"OA","Annual population","177","Puerto Rico","511","Total Population - Both sexes","3010","Population - Est. & Proj.","2008","2008","1000 persons","3608.032","X","International reliable sources",""
"OA","Annual population","179","Qatar","511","Total Population - Both sexes","3010","Population - Est. & Proj.","2008","2008","1000 persons","1436.665","X","International reliable sources",""
"OA","Annual population","117","Republic of Korea","511","Total Population - Both sexes","3010","Population - Est. & Proj.","2008","2008","1000 persons","49182.456","X","International reliable sources",""
"OA","Annual population","146","Republic of Moldova","511","Total Population - Both sexes","3010","Population - Est. & Proj.","2008","2008","1000 persons","4112.891","X","International reliable sources",""
"OA","Annual population","182","R?union","511","Total Population - Both sexes","3010","Population - Est. & Proj.","2008","2008","1000 persons","816.318","X","International reliable sources",""
"OA","Annual population","183","Romania","511","Total Population - Both sexes","3010","Population - Est. & Proj.","2008","2008","1000 persons","20829.517","X","International reliable sources",""
"OA","Annual population","185","Russian Federation","511","Total Population - Both sexes","3010","Population - Est. & Proj.","2008","2008","1000 persons","143248.764","X","International reliable sources",""
"OA","Annual population","184","Rwanda","511","Total Population - Both sexes","3010","Population - Est. & Proj.","2008","2008","1000 persons","9524.534","X","International reliable sources",""
"OA","Annual population","187","Saint Helena, Ascension and Tristan da Cunha","511","Total Population - Both sexes","3010","Population - Est. & Proj.","2008","2008","1000 persons","5.143","X","International reliable sources",""
"OA","Annual population","188","Saint Kitts and Nevis","511","Total Population - Both sexes","3010","Population - Est. & Proj.","2008","2008","1000 persons","48.185","X","International reliable sources",""
"OA","Annual population","189","Saint Lucia","511","Total Population - Both sexes","3010","Population - Est. & Proj.","2008","2008","1000 persons","170.011","X","International reliable sources",""
"OA","Annual population","190","Saint Pierre and Miquelon","511","Total Population - Both sexes","3010","Population - Est. & Proj.","2008","2008","1000 persons","6.294","X","International reliable sources",""
"OA","Annual population","191","Saint Vincent and the Grenadines","511","Total Population - Both sexes","3010","Population - Est. & Proj.","2008","2008","1000 persons","108.393","X","International reliable sources",""
"OA","Annual population","244","Samoa","511","Total Population - Both sexes","3010","Population - Est. & Proj.","2008","2008","1000 persons","183.263","X","International reliable sources",""
"OA","Annual population","192","San Marino","511","Total Population - Both sexes","3010","Population - Est. & Proj.","2008","2008","1000 persons","30.434","X","International reliable sources",""
"OA","Annual population","193","Sao Tome and Principe","511","Total Population - Both sexes","3010","Population - Est. & Proj.","2008","2008","1000 persons","171.12","X","International reliable sources",""
"OA","Annual population","194","Saudi Arabia","511","Total Population - Both sexes","3010","Population - Est. & Proj.","2008","2008","1000 persons","25888.541","X","International reliable sources",""
"OA","Annual population","195","Senegal","511","Total Population - Both sexes","3010","Population - Est. & Proj.","2008","2008","1000 persons","12004.701","X","International reliable sources",""
"OA","Annual population","272","Serbia","511","Total Population - Both sexes","3010","Population - Est. & Proj.","2008","2008","1000 persons","9060.103","X","International reliable sources",""
"OA","Annual population","196","Seychelles","511","Total Population - Both sexes","3010","Population - Est. & Proj.","2008","2008","1000 persons","90.449","X","International reliable sources",""
"OA","Annual population","197","Sierra Leone","511","Total Population - Both sexes","3010","Population - Est. & Proj.","2008","2008","1000 persons","6133.603","X","International reliable sources",""
"OA","Annual population","200","Singapore","511","Total Population - Both sexes","3010","Population - Est. & Proj.","2008","2008","1000 persons","4775.804","X","International reliable sources",""
"OA","Annual population","199","Slovakia","511","Total Population - Both sexes","3010","Population - Est. & Proj.","2008","2008","1000 persons","5399.371","X","International reliable sources",""
"OA","Annual population","198","Slovenia","511","Total Population - Both sexes","3010","Population - Est. & Proj.","2008","2008","1000 persons","2023.052","X","International reliable sources",""
"OA","Annual population","25","Solomon Islands","511","Total Population - Both sexes","3010","Population - Est. & Proj.","2008","2008","1000 persons","503.36","X","International reliable sources",""
"OA","Annual population","201","Somalia","511","Total Population - Both sexes","3010","Population - Est. & Proj.","2008","2008","1000 persons","11397.188","X","International reliable sources",""
"OA","Annual population","202","South Africa","511","Total Population - Both sexes","3010","Population - Est. & Proj.","2008","2008","1000 persons","49779.471","X","International reliable sources",""
"OA","Annual population","203","Spain","511","Total Population - Both sexes","3010","Population - Est. & Proj.","2008","2008","1000 persons","46068.811","X","International reliable sources",""
"OA","Annual population","38","Sri Lanka","511","Total Population - Both sexes","3010","Population - Est. & Proj.","2008","2008","1000 persons","19983.984","X","International reliable sources",""
"OA","Annual population","206","Sudan (former)","511","Total Population - Both sexes","3010","Population - Est. & Proj.","2008","2008","1000 persons","41797.776","A","Aggregate, may include official, semi-official, estimated or calculated data",""
"OA","Annual population","207","Suriname","511","Total Population - Both sexes","3010","Population - Est. & Proj.","2008","2008","1000 persons","517.123","X","International reliable sources",""
"OA","Annual population","210","Sweden","511","Total Population - Both sexes","3010","Population - Est. & Proj.","2008","2008","1000 persons","9236.428","X","International reliable sources",""
"OA","Annual population","211","Switzerland","511","Total Population - Both sexes","3010","Population - Est. & Proj.","2008","2008","1000 persons","7622.821","X","International reliable sources",""
"OA","Annual population","212","Syrian Arab Republic","511","Total Population - Both sexes","3010","Population - Est. & Proj.","2008","2008","1000 persons","20664.038","X","International reliable sources",""
"OA","Annual population","208","Tajikistan","511","Total Population - Both sexes","3010","Population - Est. & Proj.","2008","2008","1000 persons","7209.93","X","International reliable sources",""
"OA","Annual population","216","Thailand","511","Total Population - Both sexes","3010","Population - Est. & Proj.","2008","2008","1000 persons","66530.984","X","International reliable sources",""
"OA","Annual population","176","Timor-Leste","511","Total Population - Both sexes","3010","Population - Est. & Proj.","2008","2008","1000 persons","1055.431","X","International reliable sources",""
"OA","Annual population","217","Togo","511","Total Population - Both sexes","3010","Population - Est. & Proj.","2008","2008","1000 persons","6083.42","X","International reliable sources",""
"OA","Annual population","218","Tokelau","511","Total Population - Both sexes","3010","Population - Est. & Proj.","2008","2008","1000 persons","1.126","X","International reliable sources","UNDESA, Population Division ? World Population Prospects, the 2017 Revision"
"OA","Annual population","219","Tonga","511","Total Population - Both sexes","3010","Population - Est. & Proj.","2008","2008","1000 persons","103.379","X","International reliable sources",""
"OA","Annual population","220","Trinidad and Tobago","511","Total Population - Both sexes","3010","Population - Est. & Proj.","2008","2008","1000 persons","1314.443","X","International reliable sources",""
"OA","Annual population","222","Tunisia","511","Total Population - Both sexes","3010","Population - Est. & Proj.","2008","2008","1000 persons","10414.433","X","International reliable sources",""
"OA","Annual population","223","Turkey","511","Total Population - Both sexes","3010","Population - Est. & Proj.","2008","2008","1000 persons","70418.604","X","International reliable sources",""
"OA","Annual population","213","Turkmenistan","511","Total Population - Both sexes","3010","Population - Est. & Proj.","2008","2008","1000 persons","4935.767","X","International reliable sources",""
"OA","Annual population","224","Turks and Caicos Islands","511","Total Population - Both sexes","3010","Population - Est. & Proj.","2008","2008","1000 persons","31.202","X","International reliable sources",""
"OA","Annual population","227","Tuvalu","511","Total Population - Both sexes","3010","Population - Est. & Proj.","2008","2008","1000 persons","10.314","X","International reliable sources",""
"OA","Annual population","226","Uganda","511","Total Population - Both sexes","3010","Population - Est. & Proj.","2008","2008","1000 persons","30431.736","X","International reliable sources",""
"OA","Annual population","230","Ukraine","511","Total Population - Both sexes","3010","Population - Est. & Proj.","2008","2008","1000 persons","46158.711","X","International reliable sources",""
"OA","Annual population","225","United Arab Emirates","511","Total Population - Both sexes","3010","Population - Est. & Proj.","2008","2008","1000 persons","7089.487","X","International reliable sources",""
"OA","Annual population","229","United Kingdom of Great Britain and Northern Ireland","511","Total Population - Both sexes","3010","Population - Est. & Proj.","2008","2008","1000 persons","62145.097","X","International reliable sources",""
"OA","Annual population","215","United Republic of Tanzania","511","Total Population - Both sexes","3010","Population - Est. & Proj.","2008","2008","1000 persons","41853.944","X","International reliable sources",""
"OA","Annual population","231","United States of America","511","Total Population - Both sexes","3010","Population - Est. & Proj.","2008","2008","1000 persons","303486.012","X","International reliable sources",""
"OA","Annual population","240","United States Virgin Islands","511","Total Population - Both sexes","3010","Population - Est. & Proj.","2008","2008","1000 persons","106.756","X","International reliable sources",""
"OA","Annual population","234","Uruguay","511","Total Population - Both sexes","3010","Population - Est. & Proj.","2008","2008","1000 persons","3340.221","X","International reliable sources",""
"OA","Annual population","235","Uzbekistan","511","Total Population - Both sexes","3010","Population - Est. & Proj.","2008","2008","1000 persons","27626.982","X","International reliable sources",""
"OA","Annual population","155","Vanuatu","511","Total Population - Both sexes","3010","Population - Est. & Proj.","2008","2008","1000 persons","224.704","X","International reliable sources",""
"OA","Annual population","236","Venezuela (Bolivarian Republic of)","511","Total Population - Both sexes","3010","Population - Est. & Proj.","2008","2008","1000 persons","27635.832","X","International reliable sources",""
"OA","Annual population","237","Viet Nam","511","Total Population - Both sexes","3010","Population - Est. & Proj.","2008","2008","1000 persons","86243.413","X","International reliable sources",""
"OA","Annual population","243","Wallis and Futuna Islands","511","Total Population - Both sexes","3010","Population - Est. & Proj.","2008","2008","1000 persons","13.578","X","International reliable sources",""
"OA","Annual population","205","Western Sahara","511","Total Population - Both sexes","3010","Population - Est. & Proj.","2008","2008","1000 persons","468.633","X","International reliable sources","UNDESA, Population Division ? World Population Prospects, the 2017 Revision"
"OA","Annual population","249","Yemen","511","Total Population - Both sexes","3010","Population - Est. & Proj.","2008","2008","1000 persons","21892.146","X","International reliable sources",""
"OA","Annual population","251","Zambia","511","Total Population - Both sexes","3010","Population - Est. & Proj.","2008","2008","1000 persons","12848.53","X","International reliable sources",""
"OA","Annual population","181","Zimbabwe","511","Total Population - Both sexes","3010","Population - Est. & Proj.","2008","2008","1000 persons","12379.549","X","International reliable sources",""
